topic_id,doc1_id,doc2_id,pair_type
6,clueweb12-1111wb-40-06507,clueweb12-1109wb-74-00016,contradiction
6,clueweb12-0301wb-77-11814,clueweb12-0205wb-72-13806,contradiction
6,clueweb12-0200wb-97-23229,clueweb12-0108wb-50-22369,contradiction
8,clueweb12-0410wb-03-00923,clueweb12-1401wb-53-00013,contradiction
11,clueweb12-1304wb-87-02645,clueweb12-0607wb-68-12056,contradiction
12,clueweb12-0210wb-20-04874,clueweb12-0301wb-01-32501,contradiction
12,clueweb12-0916wb-34-17660,clueweb12-0105wb-43-33087,contradiction
12,clueweb12-1810wb-98-08904,clueweb12-0106wb-31-02046,contradiction
12,clueweb12-0509wb-74-32259,clueweb12-0105wb-79-27669,contradiction
12,clueweb12-1200wb-36-12817,clueweb12-0200wb-51-05028,contradiction
12,clueweb12-1807wb-48-27907,clueweb12-1000tw-73-07144,contradiction
12,clueweb12-0500wb-20-17650,clueweb12-1909wb-74-12449,contradiction
12,clueweb12-1808wb-25-15432,clueweb12-0909wb-95-26602,contradiction
12,clueweb12-1314wb-90-14375,clueweb12-1908wb-13-06854,contradiction
12,clueweb12-0002wb-62-28714,clueweb12-1403wb-22-19963,contradiction
13,clueweb12-1906wb-69-03989,clueweb12-1116wb-71-15203,contradiction
13,clueweb12-0308wb-15-27360,clueweb12-0007wb-12-02015,contradiction
13,clueweb12-1006wb-83-24746,clueweb12-0009wb-15-29210,contradiction
16,clueweb12-0602wb-77-13793,clueweb12-1200wb-96-02660,contradiction
16,clueweb12-0913wb-42-25192,clueweb12-0402wb-49-14077,contradiction
16,clueweb12-1708wb-47-12189,clueweb12-0608wb-38-24190,contradiction
20,clueweb12-0103wb-27-27063,clueweb12-0200wb-17-01262,contradiction
28,clueweb12-0000wb-78-12440,clueweb12-1402wb-48-02124,contradiction
29,clueweb12-0508wb-19-18709,clueweb12-1814wb-32-08354,contradiction
29,clueweb12-0700wb-29-00379,clueweb12-0303wb-80-29345,contradiction
29,clueweb12-1704wb-04-15782,clueweb12-0105wb-96-11619,contradiction
38,clueweb12-0203wb-41-02695,clueweb12-1205wb-37-04000,contradiction
38,clueweb12-0203wb-49-10559,clueweb12-1500wb-75-31521,contradiction
38,clueweb12-1106wb-88-01583,clueweb12-1406wb-87-08360,contradiction
38,clueweb12-1208wb-68-14137,clueweb12-1205wb-37-04071,contradiction
38,clueweb12-0501wb-11-10538,clueweb12-1407wb-89-19756,contradiction
38,clueweb12-0501wb-23-25120,clueweb12-1500wb-91-24876,contradiction
38,clueweb12-0910wb-30-09851,clueweb12-1209wb-13-06828,contradiction
40,clueweb12-0607wb-17-24281,clueweb12-0400wb-24-05944,contradiction
40,clueweb12-0608wb-76-27217,clueweb12-0013wb-78-30990,contradiction
41,clueweb12-0002wb-73-24819,clueweb12-1900tw-13-03775,contradiction
41,clueweb12-1411wb-24-13153,clueweb12-1507wb-40-05896,contradiction
41,clueweb12-1001wb-00-05016,clueweb12-0108wb-66-28923,contradiction
41,clueweb12-0305wb-76-02774,clueweb12-1608wb-51-25863,contradiction
41,clueweb12-1906wb-43-05388,clueweb12-0910wb-12-25299,contradiction
41,clueweb12-0300wb-40-04771,clueweb12-1206wb-82-12198,contradiction
42,clueweb12-0303wb-86-34251,clueweb12-1508wb-70-04632,contradiction
44,clueweb12-0610wb-64-09250,clueweb12-0005wb-86-07578,contradiction
44,clueweb12-1210wb-41-19460,clueweb12-0206wb-49-27223,contradiction
44,clueweb12-1206wb-25-03690,clueweb12-0913wb-75-15867,contradiction
47,clueweb12-0911wb-87-12938,clueweb12-0203wb-66-09517,contradiction
47,clueweb12-1508wb-57-18566,clueweb12-0713wb-27-19280,contradiction
49,clueweb12-1105wb-10-01555,clueweb12-1905wb-87-08250,contradiction
50,clueweb12-0701wb-01-03973,clueweb12-0101wb-74-06021,contradiction
102,c4-1680-103348,c4-4370-069073,contradiction
102,c4-5711-005632,c4-2964-028884,contradiction
102,c4-1255-016544,c4-2996-034113,contradiction
102,c4-2189-061598,c4-3875-082253,contradiction
102,c4-4397-138198,c4-2893-062456,contradiction
102,c4-0991-034481,c4-4803-036329,contradiction
102,c4-3362-080269,c4-4560-073420,contradiction
102,c4-3250-127418,c4-3455-002461,contradiction
102,c4-1877-120055,c4-3132-056327,contradiction
102,c4-2559-086163,c4-3120-057146,contradiction
102,c4-1369-011228,c4-4834-054817,contradiction
102,c4-0996-032193,c4-3234-089237,contradiction
102,c4-4054-017837,c4-4575-097694,contradiction
102,c4-1325-082551,c4-4412-136449,contradiction
102,c4-0202-019368,c4-6908-111563,contradiction
102,c4-6086-050909,c4-4272-119320,contradiction
102,c4-1596-142511,c4-6798-124415,contradiction
102,c4-6201-029774,c4-7031-093859,contradiction
102,c4-0586-036215,c4-0558-012367,contradiction
102,c4-2342-101009,c4-6586-029104,contradiction
102,c4-5653-005337,c4-1612-070278,contradiction
102,c4-1087-052375,c4-3202-059992,contradiction
102,c4-5790-031219,c4-6955-054669,contradiction
102,c4-5785-056330,c4-4618-035174,contradiction
102,c4-3089-087032,c4-5774-088862,contradiction
102,c4-7104-070107,c4-5613-077083,contradiction
102,c4-5963-049262,c4-3430-042790,contradiction
102,c4-0841-005766,c4-3021-051121,contradiction
102,c4-0301-116256,c4-5597-005619,contradiction
103,c4-3440-147288,c4-2612-128817,contradiction
103,c4-4204-042098,c4-3610-048770,contradiction
103,c4-3318-040801,c4-7012-101137,contradiction
103,c4-2898-022516,c4-1840-056677,contradiction
103,c4-4847-048223,c4-6755-140339,contradiction
103,c4-6957-002103,c4-6746-077729,contradiction
103,c4-2400-073045,c4-3823-144460,contradiction
103,c4-5085-037501,c4-5825-047791,contradiction
103,c4-0299-146812,c4-6061-030427,contradiction
103,c4-2171-039969,c4-5964-039091,contradiction
103,c4-1312-057859,c4-6165-010154,contradiction
103,c4-6344-091761,c4-1149-056930,contradiction
103,c4-5259-087618,c4-5636-095365,contradiction
103,c4-5183-088901,c4-3371-034856,contradiction
103,c4-6288-106789,c4-2275-078013,contradiction
103,c4-3051-018667,c4-3342-100096,contradiction
103,c4-5020-056629,c4-6467-125883,contradiction
103,c4-4798-124286,c4-3525-126160,contradiction
103,c4-0245-143973,c4-2435-033630,contradiction
103,c4-3691-086238,c4-3533-018498,contradiction
103,c4-7061-010463,c4-1550-062100,contradiction
103,c4-3400-096056,c4-0300-104925,contradiction
103,c4-4112-128345,c4-6575-064794,contradiction
103,c4-0657-039094,c4-3335-077444,contradiction
103,c4-0515-142391,c4-0150-011885,contradiction
103,c4-1636-125875,c4-5812-135060,contradiction
103,c4-3333-113020,c4-0585-024341,contradiction
104,c4-4673-080820,c4-5526-131175,contradiction
104,c4-5164-092253,c4-5489-101818,contradiction
105,c4-0805-073576,c4-3514-100705,contradiction
105,c4-3061-023532,c4-5364-007055,contradiction
105,c4-0877-076853,c4-3044-103696,contradiction
105,c4-6269-025606,c4-4566-030122,contradiction
105,c4-2135-103654,c4-3509-008606,contradiction
105,c4-4645-111074,c4-1692-118775,contradiction
105,c4-0288-081297,c4-0485-093983,contradiction
105,c4-1137-119883,c4-0700-112991,contradiction
105,c4-7052-005072,c4-4169-144600,contradiction
105,c4-1966-009118,c4-0084-068540,contradiction
105,c4-4058-083976,c4-0392-071532,contradiction
105,c4-3425-101426,c4-2557-134888,contradiction
105,c4-3713-006073,c4-0531-034919,contradiction
105,c4-3214-025288,c4-5063-141777,contradiction
105,c4-7020-005301,c4-6622-091009,contradiction
105,c4-6540-075114,c4-2745-060349,contradiction
105,c4-0231-103636,c4-6445-106936,contradiction
105,c4-6523-023469,c4-5326-042307,contradiction
105,c4-1107-097840,c4-1123-041317,contradiction
105,c4-3235-082589,c4-2883-111120,contradiction
105,c4-6812-130239,c4-6337-138044,contradiction
105,c4-4294-135167,c4-6661-102447,contradiction
105,c4-2498-041847,c4-0919-107494,contradiction
105,c4-4024-008020,c4-1944-085630,contradiction
105,c4-4014-032679,c4-6846-025452,contradiction
105,c4-2921-102608,c4-0000-033687,contradiction
105,c4-2458-096387,c4-6869-110665,contradiction
105,c4-6415-078272,c4-3314-070192,contradiction
105,c4-5448-083704,c4-1675-131063,contradiction
105,c4-2199-095708,c4-2467-131116,contradiction
105,c4-5010-134079,c4-6422-029535,contradiction
107,c4-3748-066985,c4-6602-075728,contradiction
107,c4-4472-078569,c4-5182-071483,contradiction
107,c4-6038-103266,c4-6005-070710,contradiction
107,c4-6100-073853,c4-0042-021101,contradiction
107,c4-2829-019399,c4-0287-096593,contradiction
107,c4-6860-130760,c4-2745-107520,contradiction
107,c4-5358-095802,c4-1534-123713,contradiction
107,c4-6399-034371,c4-4537-141653,contradiction
108,c4-0621-126341,c4-1808-010293,contradiction
108,c4-0847-120896,c4-6150-142384,contradiction
108,c4-0544-095502,c4-5429-048306,contradiction
109,c4-0315-039266,c4-1158-106659,contradiction
109,c4-0359-130536,c4-6435-010717,contradiction
109,c4-3432-046951,c4-0529-033801,contradiction
109,c4-1471-034347,c4-5652-021510,contradiction
109,c4-6153-117825,c4-1450-105204,contradiction
109,c4-3259-144468,c4-1928-125443,contradiction
109,c4-5767-137281,c4-1212-090753,contradiction
109,c4-7067-071344,c4-0324-090009,contradiction
109,c4-0597-060376,c4-1580-055019,contradiction
109,c4-1220-044004,c4-0659-147903,contradiction
109,c4-5482-110108,c4-3923-033603,contradiction
109,c4-0470-001506,c4-1268-008187,contradiction
109,c4-3334-067147,c4-1777-078593,contradiction
109,c4-0582-084409,c4-2454-135054,contradiction
109,c4-3502-070037,c4-4153-025914,contradiction
109,c4-5314-041130,c4-3305-120880,contradiction
109,c4-6339-114446,c4-6690-011635,contradiction
109,c4-2387-144652,c4-5232-072177,contradiction
109,c4-0357-046169,c4-2220-082087,contradiction
109,c4-6285-027772,c4-0542-091876,contradiction
109,c4-0174-094228,c4-2115-060116,contradiction
109,c4-6972-136529,c4-1083-002438,contradiction
109,c4-1629-067380,c4-5188-007044,contradiction
109,c4-0729-131964,c4-5534-022744,contradiction
109,c4-2888-072594,c4-4310-038789,contradiction
109,c4-6178-040713,c4-2674-088494,contradiction
109,c4-6515-008552,c4-0976-077901,contradiction
110,c4-1697-147812,c4-4799-069917,contradiction
110,c4-2143-114374,c4-4296-038796,contradiction
110,c4-1791-043271,c4-3476-070135,contradiction
110,c4-2033-073269,c4-5208-003017,contradiction
110,c4-0225-081004,c4-1777-041500,contradiction
110,c4-3467-113097,c4-4813-075001,contradiction
111,c4-1899-072206,c4-0324-099978,contradiction
111,c4-5802-041193,c4-7092-101953,contradiction
111,c4-2173-141977,c4-2167-113201,contradiction
111,c4-7115-108171,c4-4301-046099,contradiction
111,c4-5978-130308,c4-4688-101796,contradiction
111,c4-1084-111246,c4-5834-028734,contradiction
111,c4-5001-018408,c4-0630-121885,contradiction
114,c4-0038-025615,c4-6916-051367,contradiction
114,c4-0544-063651,c4-2426-135824,contradiction
114,c4-1056-046662,c4-3077-097427,contradiction
114,c4-0313-064077,c4-5324-002279,contradiction
114,c4-0416-056656,c4-1659-009933,contradiction
117,c4-5709-058436,c4-2493-009718,contradiction
117,c4-6100-069883,c4-1202-105236,contradiction
118,c4-2124-061628,c4-4602-111602,contradiction
118,c4-0055-011647,c4-6118-114379,contradiction
118,c4-3517-023391,c4-7122-066598,contradiction
120,c4-4419-067470,c4-6594-070975,contradiction
122,c4-2543-042232,c4-1776-024472,contradiction
122,c4-0648-033135,c4-3757-082913,contradiction
122,c4-0594-021459,c4-6036-011059,contradiction
122,c4-5969-113999,c4-6218-119727,contradiction
122,c4-0711-012152,c4-2859-022259,contradiction
122,c4-2381-048265,c4-1005-135381,contradiction
128,c4-1388-004081,c4-2974-047901,contradiction
128,c4-3021-080346,c4-3214-058800,contradiction
128,c4-6137-097440,c4-2519-019630,contradiction
128,c4-4318-041804,c4-1775-116288,contradiction
128,c4-6823-119469,c4-7163-036208,contradiction
128,c4-7140-003898,c4-2752-067484,contradiction
128,c4-3614-101597,c4-5598-016583,contradiction
128,c4-0169-010449,c4-4462-028323,contradiction
128,c4-4366-047339,c4-3426-131607,contradiction
128,c4-3923-072305,c4-6401-039370,contradiction
128,c4-0286-042977,c4-3646-125236,contradiction
128,c4-4339-053160,c4-6589-005793,contradiction
128,c4-2455-017486,c4-4795-100877,contradiction
128,c4-1584-031874,c4-4283-097255,contradiction
128,c4-4427-147585,c4-3591-017678,contradiction
128,c4-6406-091817,c4-0061-133725,contradiction
128,c4-4599-122194,c4-5186-092305,contradiction
128,c4-6998-017606,c4-4142-131349,contradiction
128,c4-2793-047318,c4-1734-136528,contradiction
128,c4-2761-037822,c4-1149-138366,contradiction
128,c4-3065-102776,c4-3521-105416,contradiction
128,c4-2964-037020,c4-4356-128585,contradiction
128,c4-3111-055776,c4-7093-131120,contradiction
128,c4-6732-137226,c4-4708-066976,contradiction
129,c4-1882-117431,c4-2558-040161,contradiction
129,c4-6944-058088,c4-4720-006007,contradiction
129,c4-0190-046865,c4-4978-062448,contradiction
129,c4-6488-019578,c4-0074-080271,contradiction
129,c4-6582-133148,c4-4675-085809,contradiction
129,c4-3169-023475,c4-2231-056495,contradiction
129,c4-3384-108046,c4-3593-076028,contradiction
129,c4-7064-075215,c4-3793-117591,contradiction
129,c4-5276-045463,c4-0888-138660,contradiction
129,c4-2396-054710,c4-5250-108793,contradiction
129,c4-2155-003226,c4-4666-138652,contradiction
129,c4-5997-009051,c4-7025-019992,contradiction
129,c4-5419-138055,c4-0337-040604,contradiction
129,c4-1654-037624,c4-4694-058343,contradiction
129,c4-7125-053271,c4-6299-086732,contradiction
129,c4-2081-092346,c4-5014-023847,contradiction
129,c4-5138-008619,c4-3508-034859,contradiction
129,c4-6694-064646,c4-4723-000435,contradiction
129,c4-6971-031842,c4-0431-027277,contradiction
129,c4-3145-049495,c4-3797-108891,contradiction
131,c4-2878-019610,c4-0199-043173,contradiction
131,c4-1178-147566,c4-5650-062751,contradiction
132,c4-2175-123602,c4-0458-043160,contradiction
132,c4-6046-057440,c4-3869-101094,contradiction
132,c4-2879-084996,c4-2956-116963,contradiction
132,c4-0687-048015,c4-3839-146775,contradiction
132,c4-2747-044971,c4-5908-092549,contradiction
132,c4-0001-125040,c4-4509-124062,contradiction
134,c4-4767-069474,c4-2251-087189,contradiction
134,c4-0628-000408,c4-3657-129007,contradiction
134,c4-0506-147034,c4-0226-116171,contradiction
134,c4-0323-077846,c4-1819-107114,contradiction
136,c4-6984-050052,c4-1031-142773,contradiction
136,c4-0077-020382,c4-5044-109988,contradiction
136,c4-1494-006739,c4-4184-071471,contradiction
137,c4-5432-002693,c4-0403-081768,contradiction
137,c4-1134-052022,c4-5389-098696,contradiction
137,c4-2399-134592,c4-5621-131774,contradiction
137,c4-5324-087419,c4-3501-047100,contradiction
137,c4-3464-126364,c4-1709-006651,contradiction
139,c4-0611-054299,c4-3929-094994,contradiction
139,c4-5932-058032,c4-1332-012230,contradiction
139,c4-3653-045563,c4-4395-137647,contradiction
139,c4-1470-017175,c4-1759-133166,contradiction
139,c4-5316-015025,c4-4535-075324,contradiction
139,c4-0731-087491,c4-1905-137497,contradiction
139,c4-0682-141351,c4-6634-089591,contradiction
139,c4-4315-075531,c4-2028-036215,contradiction
139,c4-0650-046187,c4-3219-094259,contradiction
139,c4-6025-132194,c4-0344-106568,contradiction
140,c4-0362-104077,c4-0891-029990,contradiction
143,c4-0699-140541,c4-1579-021707,contradiction
143,c4-1106-148108,c4-4535-124196,contradiction
143,c4-0507-086992,c4-4469-001627,contradiction
143,c4-6375-058146,c4-3056-045631,contradiction
143,c4-6838-144038,c4-0802-027890,contradiction
143,c4-5565-080143,c4-1542-122155,contradiction
143,c4-2256-099843,c4-4854-004812,contradiction
143,c4-2212-129558,c4-5861-061036,contradiction
143,c4-2904-111820,c4-2322-125328,contradiction
143,c4-1567-104989,c4-0511-037981,contradiction
143,c4-3723-015147,c4-1818-083417,contradiction
143,c4-3438-115118,c4-3398-047189,contradiction
143,c4-5532-007697,c4-5710-140450,contradiction
143,c4-6882-028113,c4-5776-107619,contradiction
143,c4-4556-047773,c4-1934-094424,contradiction
143,c4-0835-136575,c4-5392-147470,contradiction
143,c4-3618-023486,c4-2461-011613,contradiction
143,c4-2462-111118,c4-6764-143178,contradiction
143,c4-0961-109994,c4-5458-049923,contradiction
143,c4-6924-089306,c4-2049-120596,contradiction
143,c4-2487-005746,c4-0043-087085,contradiction
143,c4-1704-001137,c4-5250-014373,contradiction
143,c4-3202-075722,c4-3192-142130,contradiction
143,c4-4219-100860,c4-3929-148346,contradiction
144,c4-1652-123128,c4-3108-093040,contradiction
146,c4-1779-043954,c4-4772-084155,contradiction
149,c4-2126-119366,c4-4244-068158,contradiction
149,c4-1409-019387,c4-4196-126836,contradiction
151,en.noclean.c4-train.06103-of-07168.23150,en.noclean.c4-train.04834-of-07168.8906,contradiction
151,en.noclean.c4-train.03666-of-07168.35087,en.noclean.c4-train.03857-of-07168.92053,contradiction
151,en.noclean.c4-train.06493-of-07168.131258,en.noclean.c4-train.03667-of-07168.33606,contradiction
151,en.noclean.c4-train.05282-of-07168.147514,en.noclean.c4-train.04838-of-07168.125548,contradiction
151,en.noclean.c4-train.04279-of-07168.25736,en.noclean.c4-train.00945-of-07168.98682,contradiction
151,en.noclean.c4-train.00166-of-07168.91873,en.noclean.c4-train.07142-of-07168.75138,contradiction
151,en.noclean.c4-train.04988-of-07168.124585,en.noclean.c4-train.00884-of-07168.53989,contradiction
151,en.noclean.c4-train.04490-of-07168.146221,en.noclean.c4-train.06420-of-07168.28395,contradiction
151,en.noclean.c4-train.03951-of-07168.27814,en.noclean.c4-train.05433-of-07168.114493,contradiction
151,en.noclean.c4-train.03765-of-07168.76420,en.noclean.c4-train.01615-of-07168.94520,contradiction
151,en.noclean.c4-train.01039-of-07168.135071,en.noclean.c4-train.05581-of-07168.133283,contradiction
151,en.noclean.c4-train.02254-of-07168.110585,en.noclean.c4-train.02534-of-07168.30135,contradiction
151,en.noclean.c4-train.02937-of-07168.145401,en.noclean.c4-train.03685-of-07168.127109,contradiction
151,en.noclean.c4-train.04964-of-07168.35822,en.noclean.c4-train.06457-of-07168.26072,contradiction
151,en.noclean.c4-train.05377-of-07168.60016,en.noclean.c4-train.03223-of-07168.82693,contradiction
151,en.noclean.c4-train.05454-of-07168.88482,en.noclean.c4-train.01555-of-07168.2467,contradiction
151,en.noclean.c4-train.00643-of-07168.42491,en.noclean.c4-train.04662-of-07168.54161,contradiction
151,en.noclean.c4-train.05928-of-07168.103220,en.noclean.c4-train.05256-of-07168.62353,contradiction
151,en.noclean.c4-train.02793-of-07168.133146,en.noclean.c4-train.00920-of-07168.36718,contradiction
152,en.noclean.c4-train.05970-of-07168.122934,en.noclean.c4-train.05320-of-07168.50509,contradiction
152,en.noclean.c4-train.01460-of-07168.143214,en.noclean.c4-train.04362-of-07168.129044,contradiction
153,en.noclean.c4-train.02807-of-07168.3644,en.noclean.c4-train.06677-of-07168.60711,contradiction
153,en.noclean.c4-train.06491-of-07168.40364,en.noclean.c4-train.01010-of-07168.75996,contradiction
154,en.noclean.c4-train.02011-of-07168.33075,en.noclean.c4-train.00039-of-07168.9954,contradiction
154,en.noclean.c4-train.01982-of-07168.142166,en.noclean.c4-train.05940-of-07168.47924,contradiction
154,en.noclean.c4-train.00689-of-07168.20162,en.noclean.c4-train.05046-of-07168.40956,contradiction
154,en.noclean.c4-train.05005-of-07168.123754,en.noclean.c4-train.00940-of-07168.119685,contradiction
154,en.noclean.c4-train.05580-of-07168.3053,en.noclean.c4-train.00217-of-07168.81021,contradiction
154,en.noclean.c4-train.03593-of-07168.129696,en.noclean.c4-train.01342-of-07168.140546,contradiction
154,en.noclean.c4-train.01258-of-07168.28811,en.noclean.c4-train.05989-of-07168.123022,contradiction
154,en.noclean.c4-train.00244-of-07168.27163,en.noclean.c4-train.02634-of-07168.124225,contradiction
154,en.noclean.c4-train.02233-of-07168.97657,en.noclean.c4-train.00168-of-07168.64352,contradiction
154,en.noclean.c4-train.04096-of-07168.85296,en.noclean.c4-train.01816-of-07168.88323,contradiction
154,en.noclean.c4-train.05790-of-07168.67784,en.noclean.c4-train.01949-of-07168.113277,contradiction
154,en.noclean.c4-train.03479-of-07168.3706,en.noclean.c4-train.04122-of-07168.29249,contradiction
154,en.noclean.c4-train.07042-of-07168.94725,en.noclean.c4-train.04292-of-07168.41075,contradiction
154,en.noclean.c4-train.01179-of-07168.49759,en.noclean.c4-train.00626-of-07168.28433,contradiction
154,en.noclean.c4-train.05048-of-07168.79946,en.noclean.c4-train.04409-of-07168.82400,contradiction
154,en.noclean.c4-train.04446-of-07168.145651,en.noclean.c4-train.00485-of-07168.106049,contradiction
154,en.noclean.c4-train.05979-of-07168.131091,en.noclean.c4-train.05026-of-07168.135759,contradiction
154,en.noclean.c4-train.00624-of-07168.28547,en.noclean.c4-train.03001-of-07168.5163,contradiction
154,en.noclean.c4-train.06262-of-07168.49323,en.noclean.c4-train.04639-of-07168.82745,contradiction
154,en.noclean.c4-train.01567-of-07168.81215,en.noclean.c4-train.06345-of-07168.127465,contradiction
154,en.noclean.c4-train.00504-of-07168.56163,en.noclean.c4-train.02440-of-07168.146567,contradiction
154,en.noclean.c4-train.04276-of-07168.7697,en.noclean.c4-train.06370-of-07168.3427,contradiction
154,en.noclean.c4-train.06764-of-07168.75098,en.noclean.c4-train.03590-of-07168.8839,contradiction
154,en.noclean.c4-train.06811-of-07168.119123,en.noclean.c4-train.05946-of-07168.97999,contradiction
154,en.noclean.c4-train.02224-of-07168.55314,en.noclean.c4-train.04092-of-07168.80399,contradiction
154,en.noclean.c4-train.00003-of-07168.138254,en.noclean.c4-train.02325-of-07168.50292,contradiction
154,en.noclean.c4-train.04352-of-07168.135200,en.noclean.c4-train.04492-of-07168.42026,contradiction
154,en.noclean.c4-train.03389-of-07168.120797,en.noclean.c4-train.01418-of-07168.2606,contradiction
154,en.noclean.c4-train.03536-of-07168.40420,en.noclean.c4-train.00757-of-07168.53980,contradiction
154,en.noclean.c4-train.00427-of-07168.132117,en.noclean.c4-train.00562-of-07168.137992,contradiction
154,en.noclean.c4-train.01034-of-07168.130744,en.noclean.c4-train.02821-of-07168.79183,contradiction
154,en.noclean.c4-train.03393-of-07168.92690,en.noclean.c4-train.03656-of-07168.147056,contradiction
154,en.noclean.c4-train.00511-of-07168.15592,en.noclean.c4-train.07085-of-07168.129265,contradiction
154,en.noclean.c4-train.01174-of-07168.126536,en.noclean.c4-train.06089-of-07168.53156,contradiction
154,en.noclean.c4-train.02623-of-07168.41572,en.noclean.c4-train.04183-of-07168.7480,contradiction
154,en.noclean.c4-train.03775-of-07168.136000,en.noclean.c4-train.02308-of-07168.60453,contradiction
154,en.noclean.c4-train.00249-of-07168.40741,en.noclean.c4-train.04865-of-07168.133248,contradiction
154,en.noclean.c4-train.03200-of-07168.125495,en.noclean.c4-train.03045-of-07168.134929,contradiction
154,en.noclean.c4-train.00867-of-07168.20003,en.noclean.c4-train.03735-of-07168.125120,contradiction
154,en.noclean.c4-train.03020-of-07168.26768,en.noclean.c4-train.01537-of-07168.108187,contradiction
154,en.noclean.c4-train.04045-of-07168.25562,en.noclean.c4-train.01085-of-07168.128095,contradiction
154,en.noclean.c4-train.01235-of-07168.46982,en.noclean.c4-train.02490-of-07168.69011,contradiction
154,en.noclean.c4-train.03215-of-07168.11461,en.noclean.c4-train.06758-of-07168.53625,contradiction
154,en.noclean.c4-train.04729-of-07168.17929,en.noclean.c4-train.00980-of-07168.139575,contradiction
154,en.noclean.c4-train.03831-of-07168.57113,en.noclean.c4-train.03373-of-07168.42970,contradiction
154,en.noclean.c4-train.03262-of-07168.49277,en.noclean.c4-train.03723-of-07168.44196,contradiction
154,en.noclean.c4-train.01632-of-07168.50041,en.noclean.c4-train.06552-of-07168.7892,contradiction
154,en.noclean.c4-train.04566-of-07168.47973,en.noclean.c4-train.04297-of-07168.104240,contradiction
154,en.noclean.c4-train.01691-of-07168.103670,en.noclean.c4-train.00494-of-07168.77030,contradiction
154,en.noclean.c4-train.07022-of-07168.126332,en.noclean.c4-train.01243-of-07168.63182,contradiction
154,en.noclean.c4-train.07046-of-07168.42336,en.noclean.c4-train.03700-of-07168.139752,contradiction
154,en.noclean.c4-train.00796-of-07168.4409,en.noclean.c4-train.00100-of-07168.147506,contradiction
154,en.noclean.c4-train.06603-of-07168.32395,en.noclean.c4-train.06297-of-07168.566,contradiction
154,en.noclean.c4-train.04764-of-07168.114426,en.noclean.c4-train.05997-of-07168.1498,contradiction
154,en.noclean.c4-train.05117-of-07168.91149,en.noclean.c4-train.02038-of-07168.145505,contradiction
154,en.noclean.c4-train.04474-of-07168.128268,en.noclean.c4-train.02031-of-07168.97044,contradiction
154,en.noclean.c4-train.06327-of-07168.81744,en.noclean.c4-train.00433-of-07168.120637,contradiction
154,en.noclean.c4-train.06304-of-07168.134466,en.noclean.c4-train.00137-of-07168.70340,contradiction
154,en.noclean.c4-train.00797-of-07168.63507,en.noclean.c4-train.00561-of-07168.22181,contradiction
154,en.noclean.c4-train.00530-of-07168.69156,en.noclean.c4-train.06417-of-07168.10649,contradiction
154,en.noclean.c4-train.04466-of-07168.84550,en.noclean.c4-train.05309-of-07168.133609,contradiction
154,en.noclean.c4-train.00685-of-07168.29514,en.noclean.c4-train.01050-of-07168.98905,contradiction
154,en.noclean.c4-train.05761-of-07168.131735,en.noclean.c4-train.01637-of-07168.140732,contradiction
154,en.noclean.c4-train.05665-of-07168.134607,en.noclean.c4-train.04895-of-07168.66135,contradiction
154,en.noclean.c4-train.04001-of-07168.20601,en.noclean.c4-train.02823-of-07168.138101,contradiction
154,en.noclean.c4-train.00381-of-07168.112485,en.noclean.c4-train.00405-of-07168.58751,contradiction
154,en.noclean.c4-train.01860-of-07168.117669,en.noclean.c4-train.03647-of-07168.90413,contradiction
154,en.noclean.c4-train.05095-of-07168.146111,en.noclean.c4-train.04934-of-07168.29429,contradiction
154,en.noclean.c4-train.01109-of-07168.72156,en.noclean.c4-train.04886-of-07168.87025,contradiction
154,en.noclean.c4-train.01101-of-07168.44787,en.noclean.c4-train.02034-of-07168.131206,contradiction
154,en.noclean.c4-train.00587-of-07168.82841,en.noclean.c4-train.06272-of-07168.146369,contradiction
154,en.noclean.c4-train.03647-of-07168.107979,en.noclean.c4-train.06801-of-07168.87389,contradiction
154,en.noclean.c4-train.04307-of-07168.91158,en.noclean.c4-train.00649-of-07168.142527,contradiction
154,en.noclean.c4-train.02643-of-07168.93931,en.noclean.c4-train.03583-of-07168.65739,contradiction
154,en.noclean.c4-train.01225-of-07168.38634,en.noclean.c4-train.04779-of-07168.127276,contradiction
154,en.noclean.c4-train.05663-of-07168.17936,en.noclean.c4-train.05670-of-07168.84430,contradiction
154,en.noclean.c4-train.00642-of-07168.143089,en.noclean.c4-train.01400-of-07168.43242,contradiction
155,en.noclean.c4-train.03473-of-07168.40351,en.noclean.c4-train.05902-of-07168.56641,contradiction
155,en.noclean.c4-train.00065-of-07168.40181,en.noclean.c4-train.00800-of-07168.98603,contradiction
155,en.noclean.c4-train.03554-of-07168.123616,en.noclean.c4-train.01636-of-07168.109912,contradiction
155,en.noclean.c4-train.01958-of-07168.115840,en.noclean.c4-train.00141-of-07168.80085,contradiction
155,en.noclean.c4-train.06846-of-07168.127145,en.noclean.c4-train.00337-of-07168.112079,contradiction
155,en.noclean.c4-train.06597-of-07168.79502,en.noclean.c4-train.02993-of-07168.128584,contradiction
155,en.noclean.c4-train.00649-of-07168.134244,en.noclean.c4-train.05517-of-07168.111411,contradiction
155,en.noclean.c4-train.02126-of-07168.92745,en.noclean.c4-train.02067-of-07168.109862,contradiction
155,en.noclean.c4-train.02889-of-07168.14618,en.noclean.c4-train.01580-of-07168.110023,contradiction
155,en.noclean.c4-train.04832-of-07168.12467,en.noclean.c4-train.04279-of-07168.31751,contradiction
156,en.noclean.c4-train.07165-of-07168.37128,en.noclean.c4-train.03860-of-07168.44892,contradiction
156,en.noclean.c4-train.00828-of-07168.147989,en.noclean.c4-train.04107-of-07168.14495,contradiction
156,en.noclean.c4-train.02444-of-07168.138309,en.noclean.c4-train.05710-of-07168.80798,contradiction
157,en.noclean.c4-train.02793-of-07168.93530,en.noclean.c4-train.05287-of-07168.1336,contradiction
158,en.noclean.c4-train.04399-of-07168.13817,en.noclean.c4-train.05244-of-07168.110352,contradiction
158,en.noclean.c4-train.05947-of-07168.28592,en.noclean.c4-train.03260-of-07168.36028,contradiction
158,en.noclean.c4-train.06707-of-07168.265,en.noclean.c4-train.03307-of-07168.7832,contradiction
158,en.noclean.c4-train.04533-of-07168.103058,en.noclean.c4-train.05931-of-07168.42199,contradiction
158,en.noclean.c4-train.01677-of-07168.40084,en.noclean.c4-train.03922-of-07168.16571,contradiction
158,en.noclean.c4-train.03099-of-07168.24822,en.noclean.c4-train.01904-of-07168.65405,contradiction
158,en.noclean.c4-train.04635-of-07168.79056,en.noclean.c4-train.00020-of-07168.100888,contradiction
158,en.noclean.c4-train.04711-of-07168.76921,en.noclean.c4-train.06065-of-07168.130731,contradiction
158,en.noclean.c4-train.06284-of-07168.8663,en.noclean.c4-train.04603-of-07168.68572,contradiction
158,en.noclean.c4-train.05367-of-07168.44052,en.noclean.c4-train.02048-of-07168.106991,contradiction
158,en.noclean.c4-train.04465-of-07168.76748,en.noclean.c4-train.05637-of-07168.122138,contradiction
158,en.noclean.c4-train.04593-of-07168.7806,en.noclean.c4-train.06881-of-07168.118035,contradiction
158,en.noclean.c4-train.00818-of-07168.121014,en.noclean.c4-train.06953-of-07168.101188,contradiction
158,en.noclean.c4-train.00738-of-07168.60000,en.noclean.c4-train.06745-of-07168.19796,contradiction
158,en.noclean.c4-train.06792-of-07168.77389,en.noclean.c4-train.01245-of-07168.127901,contradiction
158,en.noclean.c4-train.05592-of-07168.49783,en.noclean.c4-train.05790-of-07168.98696,contradiction
158,en.noclean.c4-train.02469-of-07168.24582,en.noclean.c4-train.00543-of-07168.14012,contradiction
158,en.noclean.c4-train.04383-of-07168.21752,en.noclean.c4-train.01176-of-07168.125520,contradiction
158,en.noclean.c4-train.00024-of-07168.88427,en.noclean.c4-train.06704-of-07168.39367,contradiction
158,en.noclean.c4-train.00771-of-07168.95239,en.noclean.c4-train.00404-of-07168.118763,contradiction
158,en.noclean.c4-train.05016-of-07168.45539,en.noclean.c4-train.05167-of-07168.122067,contradiction
158,en.noclean.c4-train.01859-of-07168.76024,en.noclean.c4-train.06561-of-07168.118390,contradiction
158,en.noclean.c4-train.02833-of-07168.39806,en.noclean.c4-train.06343-of-07168.126919,contradiction
158,en.noclean.c4-train.06817-of-07168.56617,en.noclean.c4-train.01741-of-07168.125615,contradiction
158,en.noclean.c4-train.02206-of-07168.53041,en.noclean.c4-train.02160-of-07168.5697,contradiction
158,en.noclean.c4-train.07158-of-07168.72500,en.noclean.c4-train.02126-of-07168.105349,contradiction
158,en.noclean.c4-train.03608-of-07168.62991,en.noclean.c4-train.04667-of-07168.81439,contradiction
158,en.noclean.c4-train.00107-of-07168.92907,en.noclean.c4-train.05287-of-07168.25024,contradiction
158,en.noclean.c4-train.04008-of-07168.140674,en.noclean.c4-train.06957-of-07168.54960,contradiction
158,en.noclean.c4-train.03510-of-07168.135618,en.noclean.c4-train.00963-of-07168.9556,contradiction
158,en.noclean.c4-train.03768-of-07168.27760,en.noclean.c4-train.07011-of-07168.4398,contradiction
158,en.noclean.c4-train.06771-of-07168.142544,en.noclean.c4-train.02706-of-07168.142548,contradiction
158,en.noclean.c4-train.04832-of-07168.50146,en.noclean.c4-train.06618-of-07168.29526,contradiction
158,en.noclean.c4-train.06704-of-07168.66698,en.noclean.c4-train.00275-of-07168.91807,contradiction
158,en.noclean.c4-train.01832-of-07168.67106,en.noclean.c4-train.06816-of-07168.10351,contradiction
158,en.noclean.c4-train.07151-of-07168.96798,en.noclean.c4-train.05592-of-07168.129580,contradiction
158,en.noclean.c4-train.05184-of-07168.56038,en.noclean.c4-train.05556-of-07168.95529,contradiction
158,en.noclean.c4-train.00647-of-07168.62109,en.noclean.c4-train.01467-of-07168.86798,contradiction
158,en.noclean.c4-train.00963-of-07168.131753,en.noclean.c4-train.05482-of-07168.140678,contradiction
158,en.noclean.c4-train.01870-of-07168.31784,en.noclean.c4-train.06608-of-07168.56752,contradiction
158,en.noclean.c4-train.06599-of-07168.118963,en.noclean.c4-train.04510-of-07168.65922,contradiction
158,en.noclean.c4-train.04290-of-07168.71398,en.noclean.c4-train.01894-of-07168.2577,contradiction
158,en.noclean.c4-train.02229-of-07168.56629,en.noclean.c4-train.07054-of-07168.86795,contradiction
158,en.noclean.c4-train.04111-of-07168.144350,en.noclean.c4-train.07010-of-07168.79189,contradiction
158,en.noclean.c4-train.02316-of-07168.139188,en.noclean.c4-train.02472-of-07168.71538,contradiction
158,en.noclean.c4-train.02061-of-07168.42820,en.noclean.c4-train.03181-of-07168.94980,contradiction
158,en.noclean.c4-train.06428-of-07168.1833,en.noclean.c4-train.01658-of-07168.14374,contradiction
158,en.noclean.c4-train.00807-of-07168.13838,en.noclean.c4-train.03715-of-07168.77920,contradiction
158,en.noclean.c4-train.02347-of-07168.44877,en.noclean.c4-train.02087-of-07168.96177,contradiction
158,en.noclean.c4-train.06310-of-07168.44483,en.noclean.c4-train.05381-of-07168.23246,contradiction
158,en.noclean.c4-train.04278-of-07168.63572,en.noclean.c4-train.05392-of-07168.33885,contradiction
159,en.noclean.c4-train.01736-of-07168.83153,en.noclean.c4-train.04838-of-07168.94008,contradiction
159,en.noclean.c4-train.05726-of-07168.144690,en.noclean.c4-train.03604-of-07168.132474,contradiction
159,en.noclean.c4-train.04055-of-07168.70675,en.noclean.c4-train.01260-of-07168.81584,contradiction
159,en.noclean.c4-train.03803-of-07168.35653,en.noclean.c4-train.02722-of-07168.48555,contradiction
159,en.noclean.c4-train.03439-of-07168.16664,en.noclean.c4-train.00068-of-07168.2128,contradiction
159,en.noclean.c4-train.06591-of-07168.68185,en.noclean.c4-train.03847-of-07168.88299,contradiction
159,en.noclean.c4-train.05330-of-07168.86993,en.noclean.c4-train.04603-of-07168.59313,contradiction
159,en.noclean.c4-train.00838-of-07168.49142,en.noclean.c4-train.01064-of-07168.128187,contradiction
159,en.noclean.c4-train.06804-of-07168.29172,en.noclean.c4-train.05592-of-07168.52259,contradiction
159,en.noclean.c4-train.04384-of-07168.57415,en.noclean.c4-train.05592-of-07168.46484,contradiction
159,en.noclean.c4-train.04654-of-07168.46646,en.noclean.c4-train.05329-of-07168.136916,contradiction
160,en.noclean.c4-train.06809-of-07168.52264,en.noclean.c4-train.03155-of-07168.110539,contradiction
160,en.noclean.c4-train.02775-of-07168.68386,en.noclean.c4-train.07044-of-07168.122880,contradiction
160,en.noclean.c4-train.01189-of-07168.3281,en.noclean.c4-train.01089-of-07168.140344,contradiction
160,en.noclean.c4-train.00415-of-07168.74857,en.noclean.c4-train.02893-of-07168.142248,contradiction
160,en.noclean.c4-train.06297-of-07168.71511,en.noclean.c4-train.02995-of-07168.101882,contradiction
160,en.noclean.c4-train.06000-of-07168.85488,en.noclean.c4-train.01610-of-07168.26064,contradiction
160,en.noclean.c4-train.04264-of-07168.103169,en.noclean.c4-train.01903-of-07168.61902,contradiction
161,en.noclean.c4-train.02844-of-07168.114034,en.noclean.c4-train.02718-of-07168.21238,contradiction
161,en.noclean.c4-train.00393-of-07168.113626,en.noclean.c4-train.00160-of-07168.87010,contradiction
161,en.noclean.c4-train.00253-of-07168.145831,en.noclean.c4-train.06764-of-07168.134324,contradiction
161,en.noclean.c4-train.01408-of-07168.56364,en.noclean.c4-train.01269-of-07168.11801,contradiction
161,en.noclean.c4-train.03976-of-07168.122716,en.noclean.c4-train.03017-of-07168.30371,contradiction
161,en.noclean.c4-train.03754-of-07168.16276,en.noclean.c4-train.00083-of-07168.102242,contradiction
162,en.noclean.c4-train.00981-of-07168.120511,en.noclean.c4-train.03312-of-07168.15376,contradiction
163,en.noclean.c4-train.00489-of-07168.129894,en.noclean.c4-train.04665-of-07168.39164,contradiction
163,en.noclean.c4-train.06944-of-07168.61208,en.noclean.c4-train.02420-of-07168.52115,contradiction
163,en.noclean.c4-train.05048-of-07168.997,en.noclean.c4-train.04259-of-07168.58515,contradiction
163,en.noclean.c4-train.03453-of-07168.25354,en.noclean.c4-train.02405-of-07168.34330,contradiction
163,en.noclean.c4-train.04824-of-07168.84688,en.noclean.c4-train.01438-of-07168.99778,contradiction
163,en.noclean.c4-train.04458-of-07168.3626,en.noclean.c4-train.02087-of-07168.118664,contradiction
163,en.noclean.c4-train.06634-of-07168.143253,en.noclean.c4-train.01888-of-07168.71618,contradiction
163,en.noclean.c4-train.02624-of-07168.111785,en.noclean.c4-train.03049-of-07168.108068,contradiction
163,en.noclean.c4-train.00390-of-07168.99916,en.noclean.c4-train.04665-of-07168.6258,contradiction
163,en.noclean.c4-train.01381-of-07168.73130,en.noclean.c4-train.00091-of-07168.52489,contradiction
163,en.noclean.c4-train.04073-of-07168.52515,en.noclean.c4-train.05049-of-07168.20696,contradiction
163,en.noclean.c4-train.05804-of-07168.14327,en.noclean.c4-train.02762-of-07168.107628,contradiction
163,en.noclean.c4-train.06319-of-07168.141396,en.noclean.c4-train.01477-of-07168.118237,contradiction
163,en.noclean.c4-train.06585-of-07168.34009,en.noclean.c4-train.01933-of-07168.65166,contradiction
163,en.noclean.c4-train.04432-of-07168.55753,en.noclean.c4-train.06105-of-07168.87779,contradiction
163,en.noclean.c4-train.06646-of-07168.131351,en.noclean.c4-train.05489-of-07168.8143,contradiction
163,en.noclean.c4-train.04869-of-07168.15548,en.noclean.c4-train.06584-of-07168.78897,contradiction
163,en.noclean.c4-train.01140-of-07168.26439,en.noclean.c4-train.00811-of-07168.19111,contradiction
163,en.noclean.c4-train.00737-of-07168.143468,en.noclean.c4-train.00794-of-07168.116249,contradiction
163,en.noclean.c4-train.04649-of-07168.1386,en.noclean.c4-train.04628-of-07168.29930,contradiction
163,en.noclean.c4-train.06782-of-07168.29605,en.noclean.c4-train.01594-of-07168.47339,contradiction
163,en.noclean.c4-train.03635-of-07168.56712,en.noclean.c4-train.04873-of-07168.71610,contradiction
163,en.noclean.c4-train.02494-of-07168.18906,en.noclean.c4-train.00478-of-07168.56954,contradiction
163,en.noclean.c4-train.03707-of-07168.602,en.noclean.c4-train.01441-of-07168.27543,contradiction
163,en.noclean.c4-train.03318-of-07168.85021,en.noclean.c4-train.01902-of-07168.120153,contradiction
163,en.noclean.c4-train.03679-of-07168.58005,en.noclean.c4-train.03965-of-07168.121066,contradiction
163,en.noclean.c4-train.01795-of-07168.108083,en.noclean.c4-train.06645-of-07168.96649,contradiction
163,en.noclean.c4-train.00018-of-07168.53685,en.noclean.c4-train.01597-of-07168.137163,contradiction
163,en.noclean.c4-train.03991-of-07168.89651,en.noclean.c4-train.00834-of-07168.61854,contradiction
163,en.noclean.c4-train.05617-of-07168.25602,en.noclean.c4-train.01568-of-07168.98736,contradiction
163,en.noclean.c4-train.04167-of-07168.85779,en.noclean.c4-train.02828-of-07168.39912,contradiction
163,en.noclean.c4-train.04037-of-07168.63721,en.noclean.c4-train.03855-of-07168.117542,contradiction
164,en.noclean.c4-train.03847-of-07168.67793,en.noclean.c4-train.03506-of-07168.3941,contradiction
164,en.noclean.c4-train.02477-of-07168.61086,en.noclean.c4-train.07069-of-07168.48303,contradiction
164,en.noclean.c4-train.05745-of-07168.106962,en.noclean.c4-train.00866-of-07168.143736,contradiction
164,en.noclean.c4-train.04243-of-07168.40994,en.noclean.c4-train.06951-of-07168.89426,contradiction
164,en.noclean.c4-train.02782-of-07168.78576,en.noclean.c4-train.01759-of-07168.133166,contradiction
164,en.noclean.c4-train.01092-of-07168.116900,en.noclean.c4-train.06670-of-07168.143827,contradiction
164,en.noclean.c4-train.05914-of-07168.15040,en.noclean.c4-train.06409-of-07168.104880,contradiction
164,en.noclean.c4-train.03869-of-07168.101326,en.noclean.c4-train.00431-of-07168.89384,contradiction
164,en.noclean.c4-train.06600-of-07168.72208,en.noclean.c4-train.02315-of-07168.6291,contradiction
164,en.noclean.c4-train.00817-of-07168.139408,en.noclean.c4-train.06819-of-07168.135606,contradiction
164,en.noclean.c4-train.00609-of-07168.15549,en.noclean.c4-train.01905-of-07168.137497,contradiction
164,en.noclean.c4-train.02705-of-07168.54179,en.noclean.c4-train.05059-of-07168.137880,contradiction
164,en.noclean.c4-train.05070-of-07168.112095,en.noclean.c4-train.05924-of-07168.145853,contradiction
164,en.noclean.c4-train.03890-of-07168.127211,en.noclean.c4-train.03751-of-07168.104808,contradiction
164,en.noclean.c4-train.03523-of-07168.9832,en.noclean.c4-train.00487-of-07168.140865,contradiction
164,en.noclean.c4-train.00430-of-07168.115720,en.noclean.c4-train.02221-of-07168.99098,contradiction
164,en.noclean.c4-train.01820-of-07168.119959,en.noclean.c4-train.03504-of-07168.101328,contradiction
164,en.noclean.c4-train.02854-of-07168.116483,en.noclean.c4-train.01479-of-07168.103008,contradiction
164,en.noclean.c4-train.02726-of-07168.26594,en.noclean.c4-train.06151-of-07168.55671,contradiction
164,en.noclean.c4-train.00993-of-07168.39796,en.noclean.c4-train.00390-of-07168.109069,contradiction
164,en.noclean.c4-train.02524-of-07168.126693,en.noclean.c4-train.03805-of-07168.133145,contradiction
164,en.noclean.c4-train.04682-of-07168.139638,en.noclean.c4-train.00286-of-07168.102294,contradiction
164,en.noclean.c4-train.06707-of-07168.90452,en.noclean.c4-train.06946-of-07168.48457,contradiction
167,en.noclean.c4-train.06213-of-07168.81843,en.noclean.c4-train.02090-of-07168.87470,contradiction
167,en.noclean.c4-train.04915-of-07168.59476,en.noclean.c4-train.01102-of-07168.96446,contradiction
167,en.noclean.c4-train.03126-of-07168.64661,en.noclean.c4-train.03001-of-07168.131613,contradiction
167,en.noclean.c4-train.06956-of-07168.46650,en.noclean.c4-train.03376-of-07168.146410,contradiction
167,en.noclean.c4-train.03694-of-07168.23568,en.noclean.c4-train.04286-of-07168.11624,contradiction
167,en.noclean.c4-train.05497-of-07168.67245,en.noclean.c4-train.00989-of-07168.144003,contradiction
167,en.noclean.c4-train.06313-of-07168.22070,en.noclean.c4-train.05559-of-07168.40809,contradiction
167,en.noclean.c4-train.06456-of-07168.104833,en.noclean.c4-train.02146-of-07168.129666,contradiction
167,en.noclean.c4-train.07028-of-07168.5782,en.noclean.c4-train.03565-of-07168.89746,contradiction
167,en.noclean.c4-train.07145-of-07168.83590,en.noclean.c4-train.04657-of-07168.103509,contradiction
167,en.noclean.c4-train.02399-of-07168.93410,en.noclean.c4-train.02036-of-07168.133948,contradiction
167,en.noclean.c4-train.02608-of-07168.43522,en.noclean.c4-train.01814-of-07168.140749,contradiction
167,en.noclean.c4-train.01553-of-07168.77027,en.noclean.c4-train.01687-of-07168.43855,contradiction
167,en.noclean.c4-train.02321-of-07168.131601,en.noclean.c4-train.01724-of-07168.31666,contradiction
167,en.noclean.c4-train.06512-of-07168.32062,en.noclean.c4-train.03950-of-07168.143751,contradiction
167,en.noclean.c4-train.01425-of-07168.9482,en.noclean.c4-train.05063-of-07168.90043,contradiction
167,en.noclean.c4-train.01130-of-07168.74925,en.noclean.c4-train.05428-of-07168.118439,contradiction
167,en.noclean.c4-train.06340-of-07168.84239,en.noclean.c4-train.03683-of-07168.40972,contradiction
167,en.noclean.c4-train.05360-of-07168.109796,en.noclean.c4-train.04015-of-07168.46153,contradiction
167,en.noclean.c4-train.00291-of-07168.53401,en.noclean.c4-train.03935-of-07168.110205,contradiction
167,en.noclean.c4-train.05039-of-07168.34963,en.noclean.c4-train.02787-of-07168.120298,contradiction
167,en.noclean.c4-train.03651-of-07168.121990,en.noclean.c4-train.05173-of-07168.75365,contradiction
167,en.noclean.c4-train.07127-of-07168.21479,en.noclean.c4-train.01454-of-07168.36905,contradiction
167,en.noclean.c4-train.00132-of-07168.75867,en.noclean.c4-train.02596-of-07168.36853,contradiction
167,en.noclean.c4-train.03021-of-07168.92952,en.noclean.c4-train.01484-of-07168.70990,contradiction
167,en.noclean.c4-train.02933-of-07168.119145,en.noclean.c4-train.04610-of-07168.94560,contradiction
167,en.noclean.c4-train.02411-of-07168.107099,en.noclean.c4-train.04170-of-07168.243,contradiction
167,en.noclean.c4-train.05084-of-07168.48661,en.noclean.c4-train.01277-of-07168.110011,contradiction
167,en.noclean.c4-train.03762-of-07168.128749,en.noclean.c4-train.00226-of-07168.120459,contradiction
168,en.noclean.c4-train.06999-of-07168.67249,en.noclean.c4-train.03451-of-07168.65286,contradiction
168,en.noclean.c4-train.04061-of-07168.28668,en.noclean.c4-train.05339-of-07168.19051,contradiction
168,en.noclean.c4-train.01225-of-07168.143469,en.noclean.c4-train.04125-of-07168.52673,contradiction
168,en.noclean.c4-train.04543-of-07168.67259,en.noclean.c4-train.04551-of-07168.125015,contradiction
168,en.noclean.c4-train.07046-of-07168.95179,en.noclean.c4-train.01350-of-07168.90830,contradiction
168,en.noclean.c4-train.06184-of-07168.6005,en.noclean.c4-train.01254-of-07168.11128,contradiction
168,en.noclean.c4-train.00459-of-07168.125665,en.noclean.c4-train.01019-of-07168.39268,contradiction
168,en.noclean.c4-train.05905-of-07168.142075,en.noclean.c4-train.02964-of-07168.45688,contradiction
168,en.noclean.c4-train.03445-of-07168.134467,en.noclean.c4-train.02568-of-07168.46175,contradiction
168,en.noclean.c4-train.04563-of-07168.91271,en.noclean.c4-train.00917-of-07168.9888,contradiction
168,en.noclean.c4-train.04680-of-07168.92259,en.noclean.c4-train.01691-of-07168.53808,contradiction
168,en.noclean.c4-train.01890-of-07168.140312,en.noclean.c4-train.04733-of-07168.133814,contradiction
168,en.noclean.c4-train.04944-of-07168.45012,en.noclean.c4-train.05972-of-07168.65588,contradiction
168,en.noclean.c4-train.01894-of-07168.138140,en.noclean.c4-train.02542-of-07168.19580,contradiction
170,en.noclean.c4-train.03465-of-07168.61684,en.noclean.c4-train.04718-of-07168.75608,contradiction
170,en.noclean.c4-train.04402-of-07168.31852,en.noclean.c4-train.06050-of-07168.48635,contradiction
170,en.noclean.c4-train.05169-of-07168.58787,en.noclean.c4-train.06319-of-07168.16458,contradiction
170,en.noclean.c4-train.02106-of-07168.88008,en.noclean.c4-train.02104-of-07168.55900,contradiction
170,en.noclean.c4-train.02453-of-07168.65945,en.noclean.c4-train.05337-of-07168.60343,contradiction
170,en.noclean.c4-train.00775-of-07168.68527,en.noclean.c4-train.05001-of-07168.129603,contradiction
170,en.noclean.c4-train.01430-of-07168.109302,en.noclean.c4-train.05371-of-07168.17410,contradiction
170,en.noclean.c4-train.06389-of-07168.123389,en.noclean.c4-train.03380-of-07168.1256,contradiction
170,en.noclean.c4-train.00143-of-07168.73739,en.noclean.c4-train.02463-of-07168.98432,contradiction
170,en.noclean.c4-train.03634-of-07168.94154,en.noclean.c4-train.01107-of-07168.46001,contradiction
170,en.noclean.c4-train.03997-of-07168.91159,en.noclean.c4-train.02320-of-07168.77135,contradiction
170,en.noclean.c4-train.02099-of-07168.143612,en.noclean.c4-train.00519-of-07168.33397,contradiction
170,en.noclean.c4-train.04264-of-07168.13705,en.noclean.c4-train.02702-of-07168.73008,contradiction
170,en.noclean.c4-train.01459-of-07168.8589,en.noclean.c4-train.06576-of-07168.35403,contradiction
170,en.noclean.c4-train.03187-of-07168.80921,en.noclean.c4-train.00351-of-07168.45102,contradiction
170,en.noclean.c4-train.01590-of-07168.80459,en.noclean.c4-train.05791-of-07168.7345,contradiction
170,en.noclean.c4-train.06254-of-07168.23305,en.noclean.c4-train.01489-of-07168.98593,contradiction
170,en.noclean.c4-train.03984-of-07168.63417,en.noclean.c4-train.03106-of-07168.57955,contradiction
173,en.noclean.c4-train.00051-of-07168.42279,en.noclean.c4-train.01033-of-07168.107836,contradiction
173,en.noclean.c4-train.01494-of-07168.78723,en.noclean.c4-train.04440-of-07168.117239,contradiction
173,en.noclean.c4-train.03085-of-07168.75580,en.noclean.c4-train.01144-of-07168.90362,contradiction
173,en.noclean.c4-train.00042-of-07168.74320,en.noclean.c4-train.00752-of-07168.122994,contradiction
173,en.noclean.c4-train.01193-of-07168.129795,en.noclean.c4-train.00922-of-07168.77390,contradiction
173,en.noclean.c4-train.06160-of-07168.93825,en.noclean.c4-train.02242-of-07168.56820,contradiction
173,en.noclean.c4-train.02293-of-07168.80032,en.noclean.c4-train.06779-of-07168.134435,contradiction
173,en.noclean.c4-train.00061-of-07168.19631,en.noclean.c4-train.06031-of-07168.84734,contradiction
173,en.noclean.c4-train.01574-of-07168.58676,en.noclean.c4-train.02651-of-07168.81403,contradiction
173,en.noclean.c4-train.05108-of-07168.39981,en.noclean.c4-train.05813-of-07168.97355,contradiction
173,en.noclean.c4-train.00224-of-07168.20530,en.noclean.c4-train.06901-of-07168.80499,contradiction
173,en.noclean.c4-train.00598-of-07168.134930,en.noclean.c4-train.03036-of-07168.4203,contradiction
173,en.noclean.c4-train.02382-of-07168.72854,en.noclean.c4-train.01470-of-07168.11375,contradiction
173,en.noclean.c4-train.05471-of-07168.102994,en.noclean.c4-train.06138-of-07168.986,contradiction
173,en.noclean.c4-train.05921-of-07168.53291,en.noclean.c4-train.01704-of-07168.126551,contradiction
173,en.noclean.c4-train.04799-of-07168.102699,en.noclean.c4-train.02896-of-07168.63932,contradiction
173,en.noclean.c4-train.05391-of-07168.122029,en.noclean.c4-train.03211-of-07168.31545,contradiction
173,en.noclean.c4-train.01288-of-07168.139666,en.noclean.c4-train.04692-of-07168.12256,contradiction
173,en.noclean.c4-train.02793-of-07168.76998,en.noclean.c4-train.05407-of-07168.46163,contradiction
173,en.noclean.c4-train.02325-of-07168.63545,en.noclean.c4-train.01378-of-07168.135069,contradiction
173,en.noclean.c4-train.00672-of-07168.21823,en.noclean.c4-train.06137-of-07168.100464,contradiction
173,en.noclean.c4-train.00399-of-07168.15427,en.noclean.c4-train.05896-of-07168.107411,contradiction
175,en.noclean.c4-train.05139-of-07168.6296,en.noclean.c4-train.03192-of-07168.49851,contradiction
175,en.noclean.c4-train.00656-of-07168.50342,en.noclean.c4-train.04834-of-07168.108855,contradiction
175,en.noclean.c4-train.06077-of-07168.40999,en.noclean.c4-train.02179-of-07168.28855,contradiction
175,en.noclean.c4-train.04218-of-07168.137533,en.noclean.c4-train.00647-of-07168.79581,contradiction
175,en.noclean.c4-train.00438-of-07168.116827,en.noclean.c4-train.04245-of-07168.144259,contradiction
175,en.noclean.c4-train.00176-of-07168.138116,en.noclean.c4-train.07080-of-07168.11094,contradiction
177,en.noclean.c4-train.00907-of-07168.118630,en.noclean.c4-train.04608-of-07168.34722,contradiction
177,en.noclean.c4-train.03470-of-07168.132089,en.noclean.c4-train.03120-of-07168.5155,contradiction
178,en.noclean.c4-train.01671-of-07168.1310,en.noclean.c4-train.03033-of-07168.58415,contradiction
178,en.noclean.c4-train.05421-of-07168.4038,en.noclean.c4-train.06792-of-07168.143937,contradiction
178,en.noclean.c4-train.00374-of-07168.125751,en.noclean.c4-train.05627-of-07168.70918,contradiction
178,en.noclean.c4-train.00512-of-07168.114885,en.noclean.c4-train.05818-of-07168.41870,contradiction
178,en.noclean.c4-train.02099-of-07168.34076,en.noclean.c4-train.04659-of-07168.23601,contradiction
178,en.noclean.c4-train.03528-of-07168.128449,en.noclean.c4-train.03893-of-07168.96131,contradiction
178,en.noclean.c4-train.02892-of-07168.9671,en.noclean.c4-train.03026-of-07168.147609,contradiction
178,en.noclean.c4-train.02331-of-07168.89155,en.noclean.c4-train.04348-of-07168.108202,contradiction
178,en.noclean.c4-train.06317-of-07168.89418,en.noclean.c4-train.00469-of-07168.66471,contradiction
178,en.noclean.c4-train.05781-of-07168.145082,en.noclean.c4-train.00083-of-07168.98923,contradiction
178,en.noclean.c4-train.06291-of-07168.27189,en.noclean.c4-train.01785-of-07168.127427,contradiction
178,en.noclean.c4-train.06585-of-07168.72574,en.noclean.c4-train.06056-of-07168.92446,contradiction
178,en.noclean.c4-train.05002-of-07168.11373,en.noclean.c4-train.01970-of-07168.50112,contradiction
178,en.noclean.c4-train.04048-of-07168.1693,en.noclean.c4-train.04804-of-07168.142436,contradiction
178,en.noclean.c4-train.02984-of-07168.8506,en.noclean.c4-train.01541-of-07168.56213,contradiction
178,en.noclean.c4-train.02604-of-07168.74782,en.noclean.c4-train.01794-of-07168.40957,contradiction
178,en.noclean.c4-train.00012-of-07168.139795,en.noclean.c4-train.02912-of-07168.93053,contradiction
178,en.noclean.c4-train.02577-of-07168.139362,en.noclean.c4-train.01888-of-07168.61188,contradiction
178,en.noclean.c4-train.00637-of-07168.136879,en.noclean.c4-train.03794-of-07168.118039,contradiction
179,en.noclean.c4-train.03674-of-07168.129860,en.noclean.c4-train.05809-of-07168.35759,contradiction
179,en.noclean.c4-train.04055-of-07168.73818,en.noclean.c4-train.06587-of-07168.91246,contradiction
179,en.noclean.c4-train.03418-of-07168.53275,en.noclean.c4-train.03994-of-07168.2262,contradiction
179,en.noclean.c4-train.01309-of-07168.31934,en.noclean.c4-train.07099-of-07168.99404,contradiction
179,en.noclean.c4-train.02816-of-07168.57490,en.noclean.c4-train.00067-of-07168.116876,contradiction
179,en.noclean.c4-train.00235-of-07168.144683,en.noclean.c4-train.01718-of-07168.75429,contradiction
179,en.noclean.c4-train.04069-of-07168.12262,en.noclean.c4-train.05470-of-07168.39574,contradiction
179,en.noclean.c4-train.03583-of-07168.104988,en.noclean.c4-train.04457-of-07168.29177,contradiction
179,en.noclean.c4-train.02912-of-07168.129620,en.noclean.c4-train.03714-of-07168.111718,contradiction
179,en.noclean.c4-train.00515-of-07168.117593,en.noclean.c4-train.06241-of-07168.6914,contradiction
179,en.noclean.c4-train.07094-of-07168.55300,en.noclean.c4-train.00212-of-07168.72135,contradiction
179,en.noclean.c4-train.00778-of-07168.96122,en.noclean.c4-train.06388-of-07168.54039,contradiction
179,en.noclean.c4-train.03060-of-07168.73160,en.noclean.c4-train.00712-of-07168.141463,contradiction
179,en.noclean.c4-train.06542-of-07168.23324,en.noclean.c4-train.03145-of-07168.68397,contradiction
179,en.noclean.c4-train.03976-of-07168.121575,en.noclean.c4-train.00523-of-07168.129201,contradiction
179,en.noclean.c4-train.05596-of-07168.133356,en.noclean.c4-train.05939-of-07168.45060,contradiction
179,en.noclean.c4-train.03652-of-07168.136424,en.noclean.c4-train.05026-of-07168.21185,contradiction
179,en.noclean.c4-train.04578-of-07168.418,en.noclean.c4-train.01884-of-07168.139835,contradiction
179,en.noclean.c4-train.05862-of-07168.24638,en.noclean.c4-train.06438-of-07168.28632,contradiction
179,en.noclean.c4-train.05769-of-07168.124860,en.noclean.c4-train.04436-of-07168.115197,contradiction
179,en.noclean.c4-train.03460-of-07168.131154,en.noclean.c4-train.07045-of-07168.14003,contradiction
179,en.noclean.c4-train.02607-of-07168.98094,en.noclean.c4-train.00216-of-07168.11759,contradiction
179,en.noclean.c4-train.02841-of-07168.36208,en.noclean.c4-train.04855-of-07168.98774,contradiction
179,en.noclean.c4-train.00410-of-07168.95713,en.noclean.c4-train.06282-of-07168.45677,contradiction
179,en.noclean.c4-train.00160-of-07168.56764,en.noclean.c4-train.01648-of-07168.108114,contradiction
179,en.noclean.c4-train.01094-of-07168.76552,en.noclean.c4-train.02922-of-07168.148322,contradiction
179,en.noclean.c4-train.01872-of-07168.5930,en.noclean.c4-train.01811-of-07168.125828,contradiction
179,en.noclean.c4-train.01888-of-07168.136905,en.noclean.c4-train.02942-of-07168.139235,contradiction
179,en.noclean.c4-train.04586-of-07168.128226,en.noclean.c4-train.04088-of-07168.5143,contradiction
179,en.noclean.c4-train.05431-of-07168.118266,en.noclean.c4-train.00365-of-07168.17324,contradiction
179,en.noclean.c4-train.01238-of-07168.98400,en.noclean.c4-train.05398-of-07168.95043,contradiction
179,en.noclean.c4-train.02871-of-07168.75491,en.noclean.c4-train.02056-of-07168.889,contradiction
179,en.noclean.c4-train.02773-of-07168.61111,en.noclean.c4-train.01893-of-07168.14740,contradiction
179,en.noclean.c4-train.07046-of-07168.16019,en.noclean.c4-train.03117-of-07168.61372,contradiction
179,en.noclean.c4-train.03616-of-07168.28826,en.noclean.c4-train.02572-of-07168.86331,contradiction
179,en.noclean.c4-train.04004-of-07168.128649,en.noclean.c4-train.04763-of-07168.82741,contradiction
179,en.noclean.c4-train.04120-of-07168.43513,en.noclean.c4-train.03913-of-07168.20965,contradiction
179,en.noclean.c4-train.04406-of-07168.16255,en.noclean.c4-train.01183-of-07168.57372,contradiction
179,en.noclean.c4-train.04597-of-07168.53636,en.noclean.c4-train.01290-of-07168.84531,contradiction
179,en.noclean.c4-train.03879-of-07168.127047,en.noclean.c4-train.03270-of-07168.36572,contradiction
179,en.noclean.c4-train.06369-of-07168.15402,en.noclean.c4-train.06257-of-07168.107458,contradiction
179,en.noclean.c4-train.03792-of-07168.88174,en.noclean.c4-train.05843-of-07168.108827,contradiction
179,en.noclean.c4-train.00112-of-07168.88799,en.noclean.c4-train.01934-of-07168.115365,contradiction
179,en.noclean.c4-train.06780-of-07168.11371,en.noclean.c4-train.01019-of-07168.109525,contradiction
181,en.noclean.c4-train.01576-of-07168.102183,en.noclean.c4-train.07105-of-07168.12806,contradiction
181,en.noclean.c4-train.03596-of-07168.141308,en.noclean.c4-train.01487-of-07168.20141,contradiction
181,en.noclean.c4-train.05107-of-07168.44407,en.noclean.c4-train.00038-of-07168.46829,contradiction
183,en.noclean.c4-train.01752-of-07168.100292,en.noclean.c4-train.01281-of-07168.84009,contradiction
184,en.noclean.c4-train.07151-of-07168.111732,en.noclean.c4-train.04681-of-07168.19377,contradiction
184,en.noclean.c4-train.00339-of-07168.14361,en.noclean.c4-train.03824-of-07168.129081,contradiction
184,en.noclean.c4-train.06901-of-07168.26680,en.noclean.c4-train.01170-of-07168.99511,contradiction
184,en.noclean.c4-train.02563-of-07168.34660,en.noclean.c4-train.02255-of-07168.40779,contradiction
184,en.noclean.c4-train.00329-of-07168.33269,en.noclean.c4-train.02094-of-07168.73366,contradiction
184,en.noclean.c4-train.00846-of-07168.39380,en.noclean.c4-train.06183-of-07168.134051,contradiction
184,en.noclean.c4-train.04803-of-07168.114579,en.noclean.c4-train.05804-of-07168.24610,contradiction
184,en.noclean.c4-train.06213-of-07168.96549,en.noclean.c4-train.03220-of-07168.36001,contradiction
184,en.noclean.c4-train.01680-of-07168.89672,en.noclean.c4-train.01048-of-07168.25625,contradiction
184,en.noclean.c4-train.04498-of-07168.120961,en.noclean.c4-train.02166-of-07168.80433,contradiction
184,en.noclean.c4-train.04545-of-07168.7088,en.noclean.c4-train.04900-of-07168.86783,contradiction
184,en.noclean.c4-train.03537-of-07168.133695,en.noclean.c4-train.02913-of-07168.122539,contradiction
184,en.noclean.c4-train.01383-of-07168.59879,en.noclean.c4-train.01077-of-07168.141199,contradiction
184,en.noclean.c4-train.06742-of-07168.103975,en.noclean.c4-train.05328-of-07168.66862,contradiction
184,en.noclean.c4-train.05364-of-07168.71638,en.noclean.c4-train.05252-of-07168.33293,contradiction
184,en.noclean.c4-train.00213-of-07168.7016,en.noclean.c4-train.03940-of-07168.102638,contradiction
184,en.noclean.c4-train.03352-of-07168.3778,en.noclean.c4-train.01025-of-07168.72687,contradiction
184,en.noclean.c4-train.02894-of-07168.34028,en.noclean.c4-train.02128-of-07168.88124,contradiction
184,en.noclean.c4-train.01641-of-07168.132827,en.noclean.c4-train.06785-of-07168.23077,contradiction
184,en.noclean.c4-train.02353-of-07168.50939,en.noclean.c4-train.05798-of-07168.110369,contradiction
185,en.noclean.c4-train.01113-of-07168.94116,en.noclean.c4-train.05646-of-07168.30027,contradiction
185,en.noclean.c4-train.00911-of-07168.110942,en.noclean.c4-train.04794-of-07168.29120,contradiction
185,en.noclean.c4-train.00824-of-07168.84047,en.noclean.c4-train.03684-of-07168.112583,contradiction
186,en.noclean.c4-train.02543-of-07168.8234,en.noclean.c4-train.06467-of-07168.58332,contradiction
186,en.noclean.c4-train.04501-of-07168.139096,en.noclean.c4-train.04221-of-07168.140878,contradiction
186,en.noclean.c4-train.07058-of-07168.125997,en.noclean.c4-train.01139-of-07168.25565,contradiction
186,en.noclean.c4-train.00727-of-07168.93040,en.noclean.c4-train.00965-of-07168.76987,contradiction
186,en.noclean.c4-train.02283-of-07168.110391,en.noclean.c4-train.00129-of-07168.10905,contradiction
186,en.noclean.c4-train.01229-of-07168.9814,en.noclean.c4-train.02443-of-07168.99640,contradiction
186,en.noclean.c4-train.01430-of-07168.35826,en.noclean.c4-train.06397-of-07168.102558,contradiction
186,en.noclean.c4-train.02961-of-07168.75289,en.noclean.c4-train.03803-of-07168.19826,contradiction
186,en.noclean.c4-train.00037-of-07168.41000,en.noclean.c4-train.02018-of-07168.22256,contradiction
186,en.noclean.c4-train.06045-of-07168.100173,en.noclean.c4-train.02140-of-07168.145305,contradiction
186,en.noclean.c4-train.02289-of-07168.71901,en.noclean.c4-train.06111-of-07168.104970,contradiction
186,en.noclean.c4-train.01792-of-07168.117235,en.noclean.c4-train.00816-of-07168.61374,contradiction
186,en.noclean.c4-train.02444-of-07168.50884,en.noclean.c4-train.01023-of-07168.95301,contradiction
186,en.noclean.c4-train.02544-of-07168.103812,en.noclean.c4-train.01864-of-07168.129923,contradiction
186,en.noclean.c4-train.04118-of-07168.80948,en.noclean.c4-train.06557-of-07168.97454,contradiction
186,en.noclean.c4-train.01539-of-07168.56549,en.noclean.c4-train.01083-of-07168.146422,contradiction
186,en.noclean.c4-train.06282-of-07168.146767,en.noclean.c4-train.05530-of-07168.91181,contradiction
186,en.noclean.c4-train.01968-of-07168.22628,en.noclean.c4-train.05160-of-07168.98269,contradiction
186,en.noclean.c4-train.03891-of-07168.64505,en.noclean.c4-train.00590-of-07168.96973,contradiction
186,en.noclean.c4-train.03631-of-07168.125654,en.noclean.c4-train.00689-of-07168.141930,contradiction
186,en.noclean.c4-train.00725-of-07168.5482,en.noclean.c4-train.04486-of-07168.84070,contradiction
186,en.noclean.c4-train.06128-of-07168.121901,en.noclean.c4-train.05857-of-07168.141496,contradiction
186,en.noclean.c4-train.01980-of-07168.39623,en.noclean.c4-train.06062-of-07168.137833,contradiction
186,en.noclean.c4-train.04656-of-07168.34425,en.noclean.c4-train.05175-of-07168.119457,contradiction
186,en.noclean.c4-train.06221-of-07168.129747,en.noclean.c4-train.04263-of-07168.125036,contradiction
186,en.noclean.c4-train.03363-of-07168.69831,en.noclean.c4-train.00230-of-07168.8471,contradiction
186,en.noclean.c4-train.04900-of-07168.71957,en.noclean.c4-train.03491-of-07168.50144,contradiction
186,en.noclean.c4-train.05505-of-07168.36123,en.noclean.c4-train.05564-of-07168.18586,contradiction
186,en.noclean.c4-train.00755-of-07168.52529,en.noclean.c4-train.03211-of-07168.69504,contradiction
186,en.noclean.c4-train.06263-of-07168.35869,en.noclean.c4-train.02749-of-07168.20535,contradiction
186,en.noclean.c4-train.04230-of-07168.139606,en.noclean.c4-train.01120-of-07168.54458,contradiction
186,en.noclean.c4-train.04897-of-07168.84397,en.noclean.c4-train.00765-of-07168.17446,contradiction
186,en.noclean.c4-train.05570-of-07168.91202,en.noclean.c4-train.05930-of-07168.76284,contradiction
186,en.noclean.c4-train.02911-of-07168.31827,en.noclean.c4-train.05630-of-07168.58526,contradiction
187,en.noclean.c4-train.01105-of-07168.86008,en.noclean.c4-train.01455-of-07168.111313,contradiction
187,en.noclean.c4-train.02256-of-07168.110509,en.noclean.c4-train.00771-of-07168.80647,contradiction
187,en.noclean.c4-train.06489-of-07168.54177,en.noclean.c4-train.03669-of-07168.42829,contradiction
187,en.noclean.c4-train.04912-of-07168.111101,en.noclean.c4-train.04262-of-07168.60213,contradiction
187,en.noclean.c4-train.03707-of-07168.1294,en.noclean.c4-train.02519-of-07168.142560,contradiction
187,en.noclean.c4-train.06880-of-07168.1240,en.noclean.c4-train.00170-of-07168.30417,contradiction
187,en.noclean.c4-train.06156-of-07168.57499,en.noclean.c4-train.04643-of-07168.75062,contradiction
187,en.noclean.c4-train.03885-of-07168.66337,en.noclean.c4-train.06598-of-07168.58575,contradiction
187,en.noclean.c4-train.07013-of-07168.39908,en.noclean.c4-train.03440-of-07168.19176,contradiction
187,en.noclean.c4-train.06983-of-07168.147843,en.noclean.c4-train.03562-of-07168.9651,contradiction
187,en.noclean.c4-train.00914-of-07168.103108,en.noclean.c4-train.00212-of-07168.70179,contradiction
187,en.noclean.c4-train.05201-of-07168.35126,en.noclean.c4-train.01074-of-07168.95548,contradiction
187,en.noclean.c4-train.03121-of-07168.143424,en.noclean.c4-train.02747-of-07168.104519,contradiction
187,en.noclean.c4-train.04518-of-07168.80373,en.noclean.c4-train.06642-of-07168.80149,contradiction
187,en.noclean.c4-train.01806-of-07168.79537,en.noclean.c4-train.06726-of-07168.139103,contradiction
187,en.noclean.c4-train.04249-of-07168.51903,en.noclean.c4-train.01281-of-07168.66600,contradiction
187,en.noclean.c4-train.02298-of-07168.32786,en.noclean.c4-train.04875-of-07168.19034,contradiction
187,en.noclean.c4-train.00475-of-07168.113300,en.noclean.c4-train.03446-of-07168.1939,contradiction
187,en.noclean.c4-train.00019-of-07168.45932,en.noclean.c4-train.02761-of-07168.110576,contradiction
187,en.noclean.c4-train.00176-of-07168.84708,en.noclean.c4-train.01235-of-07168.74062,contradiction
187,en.noclean.c4-train.00600-of-07168.81567,en.noclean.c4-train.01022-of-07168.67360,contradiction
187,en.noclean.c4-train.06500-of-07168.81289,en.noclean.c4-train.06241-of-07168.60821,contradiction
187,en.noclean.c4-train.02845-of-07168.56524,en.noclean.c4-train.00273-of-07168.23898,contradiction
187,en.noclean.c4-train.07034-of-07168.124406,en.noclean.c4-train.04700-of-07168.108188,contradiction
187,en.noclean.c4-train.05545-of-07168.137225,en.noclean.c4-train.05624-of-07168.30484,contradiction
187,en.noclean.c4-train.04713-of-07168.122795,en.noclean.c4-train.06723-of-07168.38383,contradiction
187,en.noclean.c4-train.04044-of-07168.12084,en.noclean.c4-train.00830-of-07168.104070,contradiction
187,en.noclean.c4-train.04010-of-07168.117650,en.noclean.c4-train.05744-of-07168.85487,contradiction
187,en.noclean.c4-train.02136-of-07168.81469,en.noclean.c4-train.06288-of-07168.5160,contradiction
187,en.noclean.c4-train.00625-of-07168.25601,en.noclean.c4-train.06443-of-07168.36457,contradiction
187,en.noclean.c4-train.06574-of-07168.93048,en.noclean.c4-train.05075-of-07168.120361,contradiction
187,en.noclean.c4-train.03483-of-07168.29138,en.noclean.c4-train.04459-of-07168.125266,contradiction
187,en.noclean.c4-train.06195-of-07168.145472,en.noclean.c4-train.05039-of-07168.37479,contradiction
188,en.noclean.c4-train.02752-of-07168.97368,en.noclean.c4-train.02949-of-07168.50729,contradiction
188,en.noclean.c4-train.00859-of-07168.49593,en.noclean.c4-train.06535-of-07168.24225,contradiction
188,en.noclean.c4-train.06828-of-07168.59857,en.noclean.c4-train.03199-of-07168.70853,contradiction
188,en.noclean.c4-train.02221-of-07168.22341,en.noclean.c4-train.05719-of-07168.111633,contradiction
188,en.noclean.c4-train.05393-of-07168.135841,en.noclean.c4-train.07030-of-07168.45493,contradiction
188,en.noclean.c4-train.02990-of-07168.73391,en.noclean.c4-train.04902-of-07168.45109,contradiction
188,en.noclean.c4-train.03318-of-07168.135732,en.noclean.c4-train.04414-of-07168.73623,contradiction
188,en.noclean.c4-train.00544-of-07168.39707,en.noclean.c4-train.01711-of-07168.25737,contradiction
188,en.noclean.c4-train.00473-of-07168.71411,en.noclean.c4-train.03591-of-07168.48595,contradiction
188,en.noclean.c4-train.05178-of-07168.16024,en.noclean.c4-train.02970-of-07168.87591,contradiction
188,en.noclean.c4-train.03827-of-07168.23789,en.noclean.c4-train.00584-of-07168.39652,contradiction
188,en.noclean.c4-train.03688-of-07168.95415,en.noclean.c4-train.05564-of-07168.137988,contradiction
189,en.noclean.c4-train.05776-of-07168.73990,en.noclean.c4-train.06239-of-07168.56329,contradiction
189,en.noclean.c4-train.01875-of-07168.38718,en.noclean.c4-train.00900-of-07168.62569,contradiction
189,en.noclean.c4-train.01246-of-07168.88694,en.noclean.c4-train.01101-of-07168.145449,contradiction
190,en.noclean.c4-train.02547-of-07168.58726,en.noclean.c4-train.04384-of-07168.115897,contradiction
190,en.noclean.c4-train.06760-of-07168.117058,en.noclean.c4-train.00022-of-07168.86042,contradiction
190,en.noclean.c4-train.06127-of-07168.140473,en.noclean.c4-train.01480-of-07168.112305,contradiction
190,en.noclean.c4-train.06088-of-07168.29004,en.noclean.c4-train.05409-of-07168.84816,contradiction
190,en.noclean.c4-train.04049-of-07168.18303,en.noclean.c4-train.04104-of-07168.880,contradiction
190,en.noclean.c4-train.05895-of-07168.139738,en.noclean.c4-train.02849-of-07168.20937,contradiction
190,en.noclean.c4-train.04478-of-07168.47129,en.noclean.c4-train.06195-of-07168.125763,contradiction
190,en.noclean.c4-train.02566-of-07168.57850,en.noclean.c4-train.04536-of-07168.2972,contradiction
190,en.noclean.c4-train.00965-of-07168.45493,en.noclean.c4-train.04593-of-07168.85027,contradiction
190,en.noclean.c4-train.05547-of-07168.97393,en.noclean.c4-train.04824-of-07168.134917,contradiction
190,en.noclean.c4-train.00497-of-07168.32191,en.noclean.c4-train.02680-of-07168.82312,contradiction
190,en.noclean.c4-train.05241-of-07168.103650,en.noclean.c4-train.01447-of-07168.52368,contradiction
190,en.noclean.c4-train.00080-of-07168.20192,en.noclean.c4-train.05399-of-07168.124466,contradiction
190,en.noclean.c4-train.05786-of-07168.113365,en.noclean.c4-train.06398-of-07168.85382,contradiction
190,en.noclean.c4-train.03308-of-07168.95090,en.noclean.c4-train.04045-of-07168.18743,contradiction
192,en.noclean.c4-train.00891-of-07168.141348,en.noclean.c4-train.06264-of-07168.125755,contradiction
192,en.noclean.c4-train.04077-of-07168.49097,en.noclean.c4-train.06788-of-07168.85422,contradiction
192,en.noclean.c4-train.02424-of-07168.130708,en.noclean.c4-train.00530-of-07168.94354,contradiction
192,en.noclean.c4-train.05247-of-07168.36280,en.noclean.c4-train.04944-of-07168.7845,contradiction
192,en.noclean.c4-train.05779-of-07168.88158,en.noclean.c4-train.00527-of-07168.122156,contradiction
192,en.noclean.c4-train.01269-of-07168.67627,en.noclean.c4-train.00877-of-07168.60094,contradiction
192,en.noclean.c4-train.00351-of-07168.14112,en.noclean.c4-train.06070-of-07168.100081,contradiction
192,en.noclean.c4-train.03672-of-07168.53320,en.noclean.c4-train.03831-of-07168.9508,contradiction
192,en.noclean.c4-train.03396-of-07168.110775,en.noclean.c4-train.00355-of-07168.111733,contradiction
192,en.noclean.c4-train.04170-of-07168.138571,en.noclean.c4-train.00779-of-07168.93361,contradiction
192,en.noclean.c4-train.02443-of-07168.60867,en.noclean.c4-train.01097-of-07168.62803,contradiction
192,en.noclean.c4-train.06064-of-07168.43255,en.noclean.c4-train.06426-of-07168.147303,contradiction
192,en.noclean.c4-train.02568-of-07168.25943,en.noclean.c4-train.00679-of-07168.103652,contradiction
192,en.noclean.c4-train.02705-of-07168.42573,en.noclean.c4-train.03492-of-07168.47684,contradiction
192,en.noclean.c4-train.05882-of-07168.77615,en.noclean.c4-train.05503-of-07168.66869,contradiction
192,en.noclean.c4-train.01737-of-07168.72533,en.noclean.c4-train.04355-of-07168.140547,contradiction
192,en.noclean.c4-train.03034-of-07168.23539,en.noclean.c4-train.04247-of-07168.136159,contradiction
192,en.noclean.c4-train.04512-of-07168.20631,en.noclean.c4-train.05769-of-07168.81429,contradiction
192,en.noclean.c4-train.04776-of-07168.144745,en.noclean.c4-train.02558-of-07168.26406,contradiction
192,en.noclean.c4-train.02819-of-07168.12637,en.noclean.c4-train.05291-of-07168.120762,contradiction
192,en.noclean.c4-train.02424-of-07168.92284,en.noclean.c4-train.05246-of-07168.146478,contradiction
192,en.noclean.c4-train.01254-of-07168.30865,en.noclean.c4-train.00949-of-07168.17072,contradiction
192,en.noclean.c4-train.02427-of-07168.121540,en.noclean.c4-train.04330-of-07168.90672,contradiction
192,en.noclean.c4-train.00129-of-07168.93504,en.noclean.c4-train.06984-of-07168.147849,contradiction
192,en.noclean.c4-train.03157-of-07168.63328,en.noclean.c4-train.00547-of-07168.26361,contradiction
192,en.noclean.c4-train.00750-of-07168.24574,en.noclean.c4-train.04430-of-07168.86352,contradiction
192,en.noclean.c4-train.03920-of-07168.20791,en.noclean.c4-train.00314-of-07168.38329,contradiction
192,en.noclean.c4-train.04078-of-07168.77393,en.noclean.c4-train.01812-of-07168.48593,contradiction
192,en.noclean.c4-train.03778-of-07168.110334,en.noclean.c4-train.00184-of-07168.76318,contradiction
192,en.noclean.c4-train.05467-of-07168.138439,en.noclean.c4-train.02632-of-07168.45688,contradiction
192,en.noclean.c4-train.00090-of-07168.66350,en.noclean.c4-train.01865-of-07168.111565,contradiction
192,en.noclean.c4-train.06607-of-07168.13829,en.noclean.c4-train.05029-of-07168.103788,contradiction
192,en.noclean.c4-train.01076-of-07168.76393,en.noclean.c4-train.05021-of-07168.64390,contradiction
192,en.noclean.c4-train.02847-of-07168.108394,en.noclean.c4-train.04454-of-07168.98355,contradiction
192,en.noclean.c4-train.05368-of-07168.20993,en.noclean.c4-train.00467-of-07168.81845,contradiction
192,en.noclean.c4-train.03605-of-07168.5522,en.noclean.c4-train.01716-of-07168.46725,contradiction
192,en.noclean.c4-train.05456-of-07168.85583,en.noclean.c4-train.03718-of-07168.40360,contradiction
192,en.noclean.c4-train.06808-of-07168.59998,en.noclean.c4-train.02372-of-07168.135594,contradiction
192,en.noclean.c4-train.04058-of-07168.138522,en.noclean.c4-train.00181-of-07168.28964,contradiction
192,en.noclean.c4-train.04852-of-07168.49369,en.noclean.c4-train.03873-of-07168.11066,contradiction
193,en.noclean.c4-train.05280-of-07168.25284,en.noclean.c4-train.01197-of-07168.7915,contradiction
193,en.noclean.c4-train.04769-of-07168.17903,en.noclean.c4-train.00194-of-07168.48362,contradiction
193,en.noclean.c4-train.07103-of-07168.120295,en.noclean.c4-train.05159-of-07168.103724,contradiction
194,en.noclean.c4-train.03825-of-07168.5848,en.noclean.c4-train.00811-of-07168.68596,contradiction
194,en.noclean.c4-train.00869-of-07168.66872,en.noclean.c4-train.05858-of-07168.4715,contradiction
195,en.noclean.c4-train.00243-of-07168.138893,en.noclean.c4-train.03952-of-07168.125719,contradiction
195,en.noclean.c4-train.00532-of-07168.135505,en.noclean.c4-train.02255-of-07168.146918,contradiction
195,en.noclean.c4-train.02834-of-07168.28889,en.noclean.c4-train.04523-of-07168.32679,contradiction
195,en.noclean.c4-train.02032-of-07168.30714,en.noclean.c4-train.00740-of-07168.62757,contradiction
195,en.noclean.c4-train.04100-of-07168.121794,en.noclean.c4-train.06499-of-07168.145943,contradiction
195,en.noclean.c4-train.05207-of-07168.89446,en.noclean.c4-train.03757-of-07168.67633,contradiction
195,en.noclean.c4-train.02344-of-07168.32729,en.noclean.c4-train.05271-of-07168.36252,contradiction
195,en.noclean.c4-train.02297-of-07168.126192,en.noclean.c4-train.00119-of-07168.15194,contradiction
195,en.noclean.c4-train.06199-of-07168.93239,en.noclean.c4-train.03880-of-07168.18229,contradiction
195,en.noclean.c4-train.04927-of-07168.36222,en.noclean.c4-train.02736-of-07168.67065,contradiction
197,en.noclean.c4-train.02307-of-07168.55893,en.noclean.c4-train.00196-of-07168.11557,contradiction
197,en.noclean.c4-train.02146-of-07168.123015,en.noclean.c4-train.00955-of-07168.114757,contradiction
197,en.noclean.c4-train.06138-of-07168.139267,en.noclean.c4-train.03434-of-07168.101723,contradiction
197,en.noclean.c4-train.00159-of-07168.126597,en.noclean.c4-train.05202-of-07168.13339,contradiction
197,en.noclean.c4-train.07000-of-07168.63007,en.noclean.c4-train.00049-of-07168.30744,contradiction
197,en.noclean.c4-train.04437-of-07168.79859,en.noclean.c4-train.03519-of-07168.43351,contradiction
197,en.noclean.c4-train.01239-of-07168.5957,en.noclean.c4-train.06483-of-07168.69350,contradiction
197,en.noclean.c4-train.02780-of-07168.47257,en.noclean.c4-train.03469-of-07168.12025,contradiction
197,en.noclean.c4-train.05654-of-07168.142422,en.noclean.c4-train.06297-of-07168.3773,contradiction
197,en.noclean.c4-train.03548-of-07168.138075,en.noclean.c4-train.00393-of-07168.79126,contradiction
197,en.noclean.c4-train.01899-of-07168.14198,en.noclean.c4-train.00103-of-07168.16448,contradiction
197,en.noclean.c4-train.03346-of-07168.144746,en.noclean.c4-train.04151-of-07168.129834,contradiction
197,en.noclean.c4-train.01596-of-07168.80850,en.noclean.c4-train.06430-of-07168.19899,contradiction
197,en.noclean.c4-train.01117-of-07168.142154,en.noclean.c4-train.03218-of-07168.29842,contradiction
197,en.noclean.c4-train.05719-of-07168.142184,en.noclean.c4-train.05767-of-07168.5495,contradiction
197,en.noclean.c4-train.05954-of-07168.103612,en.noclean.c4-train.05157-of-07168.4262,contradiction
197,en.noclean.c4-train.03678-of-07168.11510,en.noclean.c4-train.05030-of-07168.118403,contradiction
197,en.noclean.c4-train.04878-of-07168.62864,en.noclean.c4-train.00158-of-07168.34975,contradiction
197,en.noclean.c4-train.00695-of-07168.19981,en.noclean.c4-train.00024-of-07168.4025,contradiction
197,en.noclean.c4-train.04545-of-07168.6609,en.noclean.c4-train.06511-of-07168.49380,contradiction
197,en.noclean.c4-train.04331-of-07168.35225,en.noclean.c4-train.06426-of-07168.108384,contradiction
197,en.noclean.c4-train.02135-of-07168.44637,en.noclean.c4-train.03427-of-07168.35088,contradiction
197,en.noclean.c4-train.05104-of-07168.130201,en.noclean.c4-train.04805-of-07168.23655,contradiction
197,en.noclean.c4-train.04083-of-07168.125185,en.noclean.c4-train.00698-of-07168.70034,contradiction
197,en.noclean.c4-train.00714-of-07168.92662,en.noclean.c4-train.03097-of-07168.115179,contradiction
197,en.noclean.c4-train.01629-of-07168.138268,en.noclean.c4-train.04539-of-07168.104089,contradiction
197,en.noclean.c4-train.00974-of-07168.13940,en.noclean.c4-train.01836-of-07168.30286,contradiction
197,en.noclean.c4-train.01369-of-07168.70844,en.noclean.c4-train.01616-of-07168.103003,contradiction
197,en.noclean.c4-train.05505-of-07168.46471,en.noclean.c4-train.01041-of-07168.136001,contradiction
197,en.noclean.c4-train.07108-of-07168.83628,en.noclean.c4-train.03678-of-07168.117314,contradiction
197,en.noclean.c4-train.04098-of-07168.122122,en.noclean.c4-train.05458-of-07168.118278,contradiction
199,en.noclean.c4-train.03159-of-07168.105367,en.noclean.c4-train.00136-of-07168.87027,contradiction
199,en.noclean.c4-train.06992-of-07168.131344,en.noclean.c4-train.05426-of-07168.109144,contradiction
